ulog_timestamp_us,time_from_offboard_s,x_m,y_m,x_ref_m,y_ref_m,outside_corridor_m
484156000,0.0,0.0,0.0,0.0,0.0,0.0
484164000,0.008,-0.0008473396301269531,0.0004401281476020813,0.0075,0.0,0.0
484172000,0.016,-0.0016872584819793701,0.0008803904056549072,0.015,0.0,0.0
484180000,0.024,-0.0025200247764587402,0.0013206154108047485,0.022500000000000003,0.0,0.0
484188000,0.032,-0.003346472978591919,0.0017609968781471252,0.03,0.0,0.0
484196000,0.04,-0.004167437553405762,0.002201773226261139,0.0375,0.0,0.0
484204000,0.048,-0.004982978105545044,0.002642691135406494,0.045000000000000005,0.0,0.0
484212000,0.055999999999999994,-0.005679458379745483,0.0032078325748443604,0.05249999999999999,0.0,0.0
484220000,0.064,-0.006369531154632568,0.003769494593143463,0.06,0.0,0.0
484228000,0.072,-0.007050454616546631,0.0043275803327560425,0.06749999999999999,0.0,0.0
484236000,0.08,-0.007718712091445923,0.0048819854855537415,0.075,0.0,0.0
484244000,0.088,-0.00837033987045288,0.005432456731796265,0.0825,0.0,0.0
484252000,0.096,-0.009000957012176514,0.005978666245937347,0.09000000000000001,0.0,0.0
484260000,0.104,-0.009605854749679565,0.0065203383564949036,0.09749999999999999,0.0,0.0
484268000,0.11199999999999999,-0.010180175304412842,0.007057368755340576,0.10499999999999998,0.0,0.0
484276000,0.12,-0.010719001293182373,0.007589660584926605,0.11249999999999999,0.0,0.0
484284000,0.128,-0.011214077472686768,0.008116170763969421,0.12,0.0,0.0
484292000,0.13599999999999998,-0.011663466691970825,0.008637331426143646,0.12749999999999997,0.0,0.0
484300000,0.144,-0.012062281370162964,0.009152851998806,0.13499999999999998,0.0,0.0
484308000,0.152,-0.012405425310134888,0.009662598371505737,0.1425,0.0,0.0
484316000,0.16,-0.01268795132637024,0.010166577994823456,0.15,0.0,0.0
484324000,0.16799999999999998,-0.01290518045425415,0.010664589703083038,0.1575,0.0,0.0
484332000,0.176,-0.013052374124526978,0.011156350374221802,0.165,0.0,0.0
484340000,0.184,-0.013768672943115234,0.012208059430122375,0.17250000000000001,0.0,0.0
484348000,0.192,-0.01440340280532837,0.013240434229373932,0.18000000000000002,0.0,0.0
484356000,0.19999999999999998,-0.014943927526473999,0.014256007969379425,0.18749999999999997,0.0,0.0
484364000,0.208,-0.015386819839477539,0.015255026519298553,0.19499999999999998,0.0,0.0
484372000,0.216,-0.015729010105133057,0.016237594187259674,0.20249999999999999,0.0,0.0
484380000,0.22399999999999998,-0.01596766710281372,0.01720394939184189,0.20999999999999996,0.0,0.0
484388000,0.23199999999999998,-0.016100019216537476,0.018154308199882507,0.21749999999999997,0.0,0.0
484396000,0.24,-0.016123712062835693,0.01908886432647705,0.22499999999999998,0.0,0.0
484404000,0.248,-0.016036629676818848,0.020007818937301636,0.23249999999999998,0.0,0.0
484412000,0.256,-0.015836745500564575,0.02091151475906372,0.24,0.0,0.0
484420000,0.264,-0.015519887208938599,0.021798893809318542,0.2475,0.0,0.0
484428000,0.27199999999999996,-0.0150870680809021,0.022671349346637726,0.25499999999999995,0.0,0.0
484436000,0.27999999999999997,-0.014537006616592407,0.02352909743785858,0.26249999999999996,0.0,0.0
484444000,0.288,-0.013868629932403564,0.024372361600399017,0.26999999999999996,0.0,0.0
484452000,0.296,-0.013081014156341553,0.025201313197612762,0.27749999999999997,0.0,0.0
484460000,0.304,-0.011744886636734009,0.02616279572248459,0.285,0.0,0.0
484468000,0.312,-0.010298043489456177,0.027108676731586456,0.2925,0.0,0.0
484476000,0.32,-0.00873979926109314,0.028039179742336273,0.3,0.0,0.0
484484000,0.32799999999999996,-0.007069796323776245,0.028954513370990753,0.30749999999999994,0.0,0.0
484492000,0.33599999999999997,-0.0052911341190338135,0.029852844774723053,0.315,0.0,0.0
484500000,0.344,-0.0034002065658569336,0.030736245214939117,0.3225,0.0,0.0
484508000,0.352,-0.0013970136642456055,0.031604789197444916,0.33,0.0,0.0
484516000,0.36,0.0007182657718658447,0.032458655536174774,0.3375,0.0,0.0
484524000,0.368,0.0029454827308654785,0.03329790383577347,0.34500000000000003,0.0,0.0
484532000,0.376,0.005284339189529419,0.03412262350320816,0.35250000000000004,0.0,0.0
484540000,0.384,0.0077342987060546875,0.03493288904428482,0.36000000000000004,0.0,0.0
484548000,0.39199999999999996,0.010294824838638306,0.03572883456945419,0.36749999999999994,0.0,0.0
484556000,0.39999999999999997,0.012965291738510132,0.03651059418916702,0.37499999999999994,0.0,0.0
484564000,0.408,0.015742182731628418,0.03727278858423233,0.38249999999999995,0.0,0.0
484572000,0.416,0.018627583980560303,0.03802100569009781,0.38999999999999996,0.0,0.0
484580000,0.424,0.021620571613311768,0.0387553945183754,0.39749999999999996,0.0,0.0
484588000,0.432,0.025595366954803467,0.03959732502698898,0.40499999999999997,0.0,0.0
484596000,0.44,0.0296575129032135,0.04042445868253708,0.4125,0.0,0.0
484604000,0.44799999999999995,0.03380659222602844,0.04123686999082565,0.41999999999999993,0.0,0.0
484612000,0.45599999999999996,0.03804200887680054,0.04203479737043381,0.42749999999999994,0.0,0.0
484620000,0.46399999999999997,0.04236319661140442,0.0428183451294899,0.43499999999999994,0.0,0.0
484628000,0.472,0.04677733778953552,0.04357946664094925,0.44249999999999995,0.0,0.0
484636000,0.48,0.05127575993537903,0.04432638734579086,0.44999999999999996,0.0,0.0
484644000,0.488,0.055857688188552856,0.04505922645330429,0.45749999999999996,0.0,0.0
484652000,0.496,0.06052234768867493,0.04577813297510147,0.46499999999999997,0.0,0.0
484660000,0.504,0.06526890397071838,0.046483270823955536,0.4725,0.0,0.0
484668000,0.512,0.0700964629650116,0.047174714505672455,0.48,0.0,0.0
484676000,0.52,0.07500416040420532,0.04785247892141342,0.4875,0.0,0.0
484684000,0.528,0.0799911618232727,0.04851657897233963,0.495,0.0,0.0
484692000,0.5359999999999999,0.08505666255950928,0.04916704446077347,0.5024999999999998,0.0,0.0
484700000,0.5439999999999999,0.09020492434501648,0.04980219155550003,0.5099999999999999,0.0,0.0
484708000,0.5519999999999999,0.0959131121635437,0.05039026588201523,0.5174999999999998,0.0,0.0
484716000,0.5599999999999999,0.10168984532356262,0.050965242087841034,0.5249999999999999,0.0,0.0
484724000,0.568,0.10753464698791504,0.05152697116136551,0.5324999999999999,0.0,0.0
484732000,0.576,0.11344680190086365,0.05207555741071701,0.5399999999999999,0.0,0.0
484740000,0.584,0.1194256842136383,0.05261107534170151,0.5474999999999999,0.0,0.0
484748000,0.592,0.12547072768211365,0.05313348025083542,0.5549999999999999,0.0,0.0
484756000,0.6,0.13158106803894043,0.05364283174276352,0.5624999999999999,0.0,0.0
484764000,0.608,0.13775616884231567,0.0541391596198082,0.57,0.0,0.0
484772000,0.616,0.1439794898033142,0.05463499575853348,0.5774999999999999,0.0,0.0
484780000,0.624,0.15026617050170898,0.055117420852184296,0.585,0.0,0.0
484788000,0.632,0.15661567449569702,0.05558653920888901,0.5924999999999999,0.0,0.0
484796000,0.64,0.16302746534347534,0.05604241043329239,0.6,0.0,0.0
484804000,0.648,0.1695007085800171,0.05648496001958847,0.6074999999999999,0.0,0.0
484812000,0.6559999999999999,0.17603492736816406,0.05691421777009964,0.6149999999999999,0.0,0.0
484820000,0.6639999999999999,0.1826292872428894,0.05733030289411545,0.6224999999999999,0.0,0.0
484828000,0.6719999999999999,0.1892833113670349,0.05773317068815231,0.63,0.0,0.0
484836000,0.6799999999999999,0.19697999954223633,0.05829799920320511,0.6375,0.0,0.0
484844000,0.688,0.2047133445739746,0.058848537504673004,0.645,0.0,0.0
484852000,0.696,0.21248459815979004,0.059385381639003754,0.6525,0.0,0.0
484860000,0.704,0.22029376029968262,0.059908799827098846,0.66,0.0,0.0
484868000,0.712,0.2281407117843628,0.06041906028985977,0.6675,0.0,0.0
484876000,0.72,0.23602551221847534,0.0609162375330925,0.675,0.0,0.0
484884000,0.728,0.24394792318344116,0.06140049546957016,0.6825,0.0,0.0
484892000,0.736,0.2519078850746155,0.06187205761671066,0.6900000000000001,0.0,0.0
484900000,0.744,0.25990521907806396,0.06233111768960953,0.6975,0.0,0.0
484908000,0.752,0.2679327130317688,0.06277383118867874,0.7050000000000001,0.0,0.0
484916000,0.76,0.27599745988845825,0.06320405751466751,0.7125,0.0,0.0
484924000,0.768,0.2840992212295532,0.06362206488847733,0.7200000000000001,0.0,0.0
484932000,0.7759999999999999,0.2922379970550537,0.06402794271707535,0.7274999999999999,0.0,0.0
484940000,0.7839999999999999,0.30041372776031494,0.06442178040742874,0.7349999999999999,0.0,0.0
484948000,0.7919999999999999,0.30862629413604736,0.06480371206998825,0.7424999999999999,0.0,0.0
484956000,0.7999999999999999,0.3168753385543823,0.0651739314198494,0.7499999999999999,0.0,0.0
484964000,0.8079999999999999,0.32619088888168335,0.06543057411909103,0.7575,0.0,0.0
484972000,0.816,0.3355209231376648,0.06567768007516861,0.7649999999999999,0.0,0.0
484980000,0.824,0.34487026929855347,0.06592091172933578,0.7725,0.0,0.0
484988000,0.832,0.35423487424850464,0.06615511327981949,0.7799999999999999,0.0,0.0
484996000,0.84,0.3636150360107422,0.0663803443312645,0.7875,0.0,0.0
485004000,0.848,0.37301111221313477,0.06659639626741409,0.7949999999999999,0.0,0.0
485012000,0.856,0.38242316246032715,0.06680316478013992,0.8025,0.0,0.0
485020000,0.864,0.39185136556625366,0.06700063496828079,0.8099999999999999,0.0,0.0
485028000,0.872,0.40129590034484863,0.06718903034925461,0.8175,0.0,0.0
485036000,0.88,0.41075700521469116,0.06736836582422256,0.825,0.0,0.0
485044000,0.888,0.4202346205711365,0.06753846257925034,0.8325,0.0,0.0
485052000,0.8959999999999999,0.429729163646698,0.0676986500620842,0.8399999999999999,0.0,0.0
485060000,0.9039999999999999,0.43924015760421753,0.06784982234239578,0.8474999999999999,0.0,0.0
485068000,0.9119999999999999,0.4487677216529846,0.0679919496178627,0.8549999999999999,0.0,0.0
485076000,0.9199999999999999,0.45831167697906494,0.06812503188848495,0.8624999999999999,0.0,0.0
485084000,0.9279999999999999,0.46886372566223145,0.06830970197916031,0.8699999999999999,0.0,0.0
485092000,0.9359999999999999,0.47940993309020996,0.06848595291376114,0.8775,0.0,0.0
485100000,0.944,0.48995083570480347,0.06865379959344864,0.8849999999999999,0.0,0.0
485108000,0.952,0.5004869699478149,0.06881333142518997,0.8925,0.0,0.0
485116000,0.96,0.5110187530517578,0.0689646378159523,0.8999999999999999,0.0,0.0
485124000,0.968,0.5215497612953186,0.06910829991102219,0.9075,0.0,0.0
485132000,0.976,0.5320769548416138,0.06924404948949814,0.9149999999999999,0.0,0.0
485140000,0.984,0.5426005125045776,0.06937190145254135,0.9225,0.0,0.0
485148000,0.992,0.5531206727027893,0.06949182599782944,0.9299999999999999,0.0,0.0
485156000,1.0,0.5636377334594727,0.06960385292768478,0.9375,0.0,0.0
485164000,1.008,0.5741516947746277,0.069707952439785,0.945,0.0,0.0
485172000,1.016,0.584662675857544,0.06980425864458084,0.9525,0.0,0.0
485180000,1.024,0.5951707363128662,0.06989268213510513,0.96,0.0,0.0
485188000,1.032,0.6056743264198303,0.0699763223528862,0.9675,0.0,0.0
485196000,1.04,0.6161752939224243,0.07005215436220169,0.975,0.0,0.0
485204000,1.048,0.6266736388206482,0.07012031227350235,0.9825,0.0,0.0
485212000,1.056,0.6376684904098511,0.07017766684293747,0.99,0.0,0.0
485220000,1.064,0.6486498117446899,0.07022977620363235,0.9975,0.0,0.0
485228000,1.0719999999999998,0.6596179008483887,0.07027661055326462,1.0049999999999997,0.0,0.0
485236000,1.0799999999999998,0.6705732345581055,0.07031812518835068,1.0124999999999997,0.0,0.0
485244000,1.0879999999999999,0.6815159320831299,0.07035443931818008,1.0199999999999998,0.0,0.0
485252000,1.0959999999999999,0.6924459934234619,0.07038550823926926,1.0274999999999996,0.0,0.0
485260000,1.1039999999999999,0.703363299369812,0.07041341811418533,1.0349999999999997,0.0,0.0
485268000,1.1119999999999999,0.7142683267593384,0.07043593376874924,1.0424999999999998,0.0,0.0
485276000,1.1199999999999999,0.7251608371734619,0.070452980697155,1.0499999999999998,0.0,0.0
485284000,1.128,0.7360411882400513,0.07046454399824142,1.0574999999999997,0.0,0.0
485292000,1.136,0.7469093799591064,0.07047045975923538,1.0649999999999997,0.0,0.0
485300000,1.144,0.7577657699584961,0.07047072798013687,1.0724999999999998,0.0,0.0
485308000,1.152,0.7686101198196411,0.07046530395746231,1.0799999999999998,0.0,0.0
485316000,1.16,0.779442548751831,0.07045406848192215,1.0874999999999997,0.0,0.0
485324000,1.168,0.7902630567550659,0.07043694704771042,1.0949999999999998,0.0,0.0
485332000,1.176,0.8010789155960083,0.07042359560728073,1.1024999999999998,0.0,0.0
485340000,1.184,0.8122373819351196,0.07048121839761734,1.1099999999999999,0.0,0.0
485348000,1.192,0.8233765363693237,0.0705350711941719,1.1174999999999997,0.0,0.0
485356000,1.2,0.8344966173171997,0.07058507949113846,1.1249999999999998,0.0,0.0
485364000,1.208,0.8455979824066162,0.07063121348619461,1.1324999999999998,0.0,0.0
485372000,1.216,0.8566808700561523,0.07067335397005081,1.14,0.0,0.0
485380000,1.224,0.867745041847229,0.07071133702993393,1.1474999999999997,0.0,0.0
485388000,1.232,0.8787907361984253,0.07074516266584396,1.1549999999999998,0.0,0.0
485396000,1.24,0.8898179531097412,0.07077472656965256,1.1624999999999999,0.0,0.0
485404000,1.248,0.9008300304412842,0.07079792767763138,1.17,0.0,0.0
485412000,1.256,0.9118237495422363,0.07081671804189682,1.1774999999999998,0.0,0.0
485420000,1.264,0.9227993488311768,0.07083103805780411,1.1849999999999998,0.0,0.0
485428000,1.272,0.9337568283081055,0.0708407536149025,1.1925,0.0,0.0
485436000,1.28,0.9446961879730225,0.07084579020738602,1.2,0.0,0.0
485444000,1.288,0.9556175470352173,0.07084614783525467,1.2074999999999998,0.0,0.0
485452000,1.296,0.9665212631225586,0.07084175199270248,1.2149999999999999,0.0,0.0
485460000,1.304,0.9772219657897949,0.07071853429079056,1.2225,0.0,0.0
485468000,1.3119999999999998,0.9879144430160522,0.07058506458997726,1.2299999999999998,0.0,0.0
485476000,1.3199999999999998,0.9985940456390381,0.0704454705119133,1.2374999999999998,0.0,0.0
485484000,1.3279999999999998,1.0092607736587524,0.07029975205659866,1.2449999999999999,0.0,0.0
485492000,1.3359999999999999,1.0199142694473267,0.07014784961938858,1.2524999999999997,0.0,0.0
485500000,1.3439999999999999,1.0305546522140503,0.06998952478170395,1.26,0.0,0.0
485508000,1.3519999999999999,1.0411815643310547,0.06982476264238358,1.2674999999999996,0.0,0.0
485516000,1.3599999999999999,1.0517950057983398,0.06965339928865433,1.275,0.0,0.0
485524000,1.3679999999999999,1.0623948574066162,0.06947525590658188,1.2824999999999998,0.0,0.0
485532000,1.376,1.0729811191558838,0.06929024308919907,1.29,0.0,0.0
485540000,1.384,1.0835497379302979,0.06909554451704025,1.2974999999999997,0.0,0.0
485548000,1.392,1.094104290008545,0.06889405101537704,1.305,0.0,0.0
485556000,1.4,1.1046446561813354,0.06868570297956467,1.3124999999999998,0.0,0.0
485564000,1.408,1.1151705980300903,0.06847047060728073,1.32,0.0,0.0
485572000,1.416,1.12568199634552,0.06824835389852524,1.3274999999999997,0.0,0.0
485580000,1.424,1.1361786127090454,0.0680193081498146,1.335,0.0,0.0
485588000,1.432,1.14619779586792,0.06752554327249527,1.3424999999999998,0.0,0.0
485596000,1.44,1.1562113761901855,0.06702608615159988,1.35,0.0,0.0
485604000,1.448,1.166218638420105,0.06652092188596725,1.3574999999999997,0.0,0.0
485612000,1.456,1.176210641860962,0.06601589173078537,1.365,0.0,0.0
485620000,1.464,1.186195731163025,0.06550509482622147,1.3724999999999998,0.0,0.0
485628000,1.472,1.1961736679077148,0.06498853117227554,1.3800000000000001,0.0,0.0
485636000,1.48,1.206143856048584,0.06446631997823715,1.3874999999999997,0.0,0.0
485644000,1.488,1.2161060571670532,0.06393853574991226,1.395,0.0,0.0
485652000,1.496,1.226059913635254,0.06340528279542923,1.4024999999999999,0.0,0.0
485660000,1.504,1.236005187034607,0.06286659091711044,1.4100000000000001,0.0,0.0
485668000,1.512,1.245941400527954,0.06232237070798874,1.4174999999999998,0.0,0.0
485676000,1.52,1.2558684349060059,0.06177287548780441,1.425,0.0,0.0
485684000,1.528,1.2657907009124756,0.061221636831760406,1.4324999999999999,0.0,0.0
485692000,1.536,1.2757034301757812,0.06066519767045975,1.4400000000000002,0.0,0.0
485700000,1.544,1.2856061458587646,0.060103751718997955,1.4474999999999998,0.0,0.0
485708000,1.5519999999999998,1.2954905033111572,0.05897752195596695,1.4549999999999998,0.0,0.0
485716000,1.5599999999999998,1.3053646087646484,0.057859234511852264,1.4625,0.0,0.0
485724000,1.5679999999999998,1.3152284622192383,0.05674866586923599,1.4699999999999998,0.0,0.0
485732000,1.5759999999999998,1.325081706047058,0.05564557760953903,1.4774999999999998,0.0,0.0
485740000,1.5839999999999999,1.334924340248108,0.05454971641302109,1.4849999999999999,0.0,0.0
485748000,1.5919999999999999,1.3447433710098267,0.05346206575632095,1.4925,0.0,0.0
485756000,1.5999999999999999,1.3545515537261963,0.052381522953510284,1.4999999999999998,0.0,0.0
485764000,1.6079999999999999,1.3643485307693481,0.051307909190654755,1.5,0.0066666666666664876,0.0
485772000,1.6159999999999999,1.3741343021392822,0.050241224467754364,1.5,0.01333333333333316,0.0
485780000,1.6239999999999999,1.383908987045288,0.04918145388364792,1.5,0.019999999999999834,0.0
485788000,1.632,1.3936724662780762,0.04812856763601303,1.5,0.026666666666666505,0.0
485796000,1.64,1.403424620628357,0.04708247631788254,1.5,0.03333333333333318,0.0
485804000,1.648,1.4131659269332886,0.04604243487119675,1.5,0.039999999999999855,0.0
485812000,1.656,1.4228969812393188,0.04500771313905716,1.5,0.04666666666666652,0.0
485820000,1.664,1.4326167106628418,0.04397595673799515,1.5,0.0533333333333332,0.0
485828000,1.672,1.4423245191574097,0.04295211285352707,1.5,0.05999999999999987,0.0
485836000,1.68,1.4524891376495361,0.042170144617557526,1.5,0.06666666666666654,0.0
485844000,1.688,1.46262526512146,0.041399069130420685,1.5,0.07333333333333322,0.0
485852000,1.696,1.4727294445037842,0.04064392298460007,1.5,0.07999999999999989,0.0
485860000,1.704,1.482797622680664,0.03990980237722397,1.5,0.08666666666666656,0.0
485868000,1.712,1.4928253889083862,0.03920181840658188,1.5,0.09333333333333324,0.0
485876000,1.72,1.5028084516525269,0.038525067269802094,1.5,0.09999999999999991,0.0
485884000,1.728,1.5127421617507935,0.037884362041950226,1.5,0.10666666666666658,0.0
485892000,1.736,1.522617220878601,0.03728646785020828,1.5,0.11333333333333326,0.0
485900000,1.744,1.5324336290359497,0.03673378378152847,1.5,0.11999999999999993,0.0
485908000,1.752,1.5421866178512573,0.036230675876140594,1.5,0.1266666666666666,0.0
485916000,1.76,1.5518712997436523,0.03578134626150131,1.5,0.13333333333333328,0.0
485924000,1.768,1.5614829063415527,0.035389937460422516,1.5,0.13999999999999996,0.0
485932000,1.776,1.571016788482666,0.03506026417016983,1.5,0.1466666666666666,0.0
485940000,1.784,1.580468773841858,0.034795694053173065,1.5,0.1533333333333333,0.0
485948000,1.7919999999999998,1.5898343324661255,0.034599609673023224,1.5,0.15999999999999978,0.0
485956000,1.7999999999999998,1.5991095304489136,0.03447528928518295,1.5,0.16666666666666646,0.0
485964000,1.8079999999999998,1.6084978580474854,0.03387279063463211,1.5,0.17333333333333312,0.0
485972000,1.8159999999999998,1.6177845001220703,0.03335519880056381,1.5,0.1799999999999998,0.0
485980000,1.8239999999999998,1.626966118812561,0.03292452543973923,1.5,0.18666666666666648,0.0
485988000,1.8319999999999999,1.6360398530960083,0.03258261829614639,1.5,0.19333333333333313,0.0
485996000,1.8399999999999999,1.6450029611587524,0.03233098238706589,1.5,0.19999999999999982,0.0
486004000,1.8479999999999999,1.6538530588150024,0.03217088431119919,1.5,0.2066666666666665,0.0
486012000,1.8559999999999999,1.6625877618789673,0.03210345655679703,1.5,0.21333333333333315,0.0
486020000,1.8639999999999999,1.671204924583435,0.032129816710948944,1.5,0.21999999999999983,0.0
486028000,1.8719999999999999,1.6797090768814087,0.032246313989162445,1.5,0.22666666666666652,0.0
486036000,1.88,1.6880921125411987,0.03245825320482254,1.5,0.23333333333333317,0.008092112541198793
486044000,1.888,1.6963533163070679,0.032766230404376984,1.5,0.23999999999999985,0.016353316307067933
486052000,1.896,1.7044912576675415,0.0331706777215004,1.5,0.24666666666666653,0.024491257667541566
486060000,1.904,1.7125049829483032,0.0336720272898674,1.5,0.2533333333333332,0.032504982948303285
486068000,1.912,1.7203940153121948,0.03427056223154068,1.5,0.2599999999999999,0.040394015312194886
486076000,1.92,1.728157877922058,0.03496647626161575,1.5,0.26666666666666655,0.04815787792205817
486084000,1.928,1.7351490259170532,0.03612209111452103,1.5,0.2733333333333332,0.055149025917053285
486092000,1.936,1.7420278787612915,0.03737131506204605,1.5,0.2799999999999999,0.062027878761291566
486100000,1.944,1.7487927675247192,0.0387142077088356,1.5,0.28666666666666657,0.0687927675247193
486108000,1.952,1.7554444074630737,0.0401507243514061,1.5,0.2933333333333332,0.07544440746307379
486116000,1.96,1.761982798576355,0.041680701076984406,1.5,0.29999999999999993,0.08198279857635504
486124000,1.968,1.7684077024459839,0.04330406337976456,1.5,0.3066666666666666,0.08840770244598395
486132000,1.976,1.7747195959091187,0.045020706951618195,1.5,0.31333333333333324,0.09471959590911871
486140000,1.984,1.7809187173843384,0.046830467879772186,1.5,0.31999999999999995,0.10091871738433844
486148000,1.992,1.787004828453064,0.048733241856098175,1.5,0.3266666666666666,0.10700482845306403
486156000,2.0,1.792979121208191,0.050728730857372284,1.5,0.33333333333333326,0.11297912120819098
486164000,2.008,1.7988415956497192,0.05281656235456467,1.5,0.33999999999999997,0.1188415956497193
486172000,2.016,1.8045886754989624,0.054990254342556,1.5,0.3466666666666666,0.12458867549896246
486180000,2.024,1.8102256059646606,0.057255588471889496,1.5,0.3533333333333333,0.1302256059646607
486188000,2.032,1.8157528638839722,0.05961226671934128,1.5,0.36,0.13575286388397223
486196000,2.04,1.8211714029312134,0.06205982714891434,1.5,0.36666666666666664,0.14117140293121344
486204000,2.048,1.8264819383621216,0.06459774821996689,1.5,0.3733333333333333,0.14648193836212164
486212000,2.056,1.8313316106796265,0.06770319491624832,1.5,0.38,0.15133161067962653
486220000,2.064,1.8360804319381714,0.07088907808065414,1.5,0.38666666666666666,0.15608043193817145
486228000,2.072,1.8407293558120728,0.07415508478879929,1.5,0.3933333333333333,0.16072935581207282
486236000,2.08,1.8452788591384888,0.07750090211629868,1.5,0.4,0.16527885913848883
486244000,2.088,1.8497356176376343,0.08093269914388657,1.5,0.4066666666666667,0.16973561763763434
486252000,2.096,1.8540951013565063,0.08444299548864365,1.5,0.41333333333333333,0.1740951013565064
486260000,2.104,1.8583582639694214,0.08803138881921768,1.5,0.42000000000000004,0.17835826396942145
486268000,2.112,1.862526535987854,0.09169713407754898,1.5,0.4266666666666667,0.18252653598785407
486276000,2.12,1.8666001558303833,0.09543970972299576,1.5,0.43333333333333335,0.18660015583038336
486284000,2.128,1.8705805540084839,0.09925853461027145,1.5,0.44000000000000006,0.19058055400848395
486292000,2.136,1.874468207359314,0.10315296798944473,1.5,0.4466666666666667,0.19446820735931403
486300000,2.1439999999999997,1.8782645463943481,0.10712238401174545,1.5,0.45333333333333303,0.1982645463943482
486308000,2.1519999999999997,1.881980299949646,0.11118193715810776,1.5,0.4599999999999997,0.20198029994964606
486316000,2.1599999999999997,1.8856064081192017,0.11531490832567215,1.5,0.46666666666666634,0.20560640811920172
486324000,2.1679999999999997,1.8891431093215942,0.11952058225870132,1.5,0.47333333333333305,0.2091431093215943
486332000,2.1759999999999997,1.8925915956497192,0.12379831820726395,1.5,0.4799999999999997,0.2125915956497193
486340000,2.1839999999999997,1.8953453302383423,0.12887362390756607,1.5,0.48666666666666636,0.21534533023834235
486348000,2.1919999999999997,1.8980225324630737,0.13400454074144363,1.5,0.49333333333333307,0.2180225324630738
486356000,2.1999999999999997,1.9006234407424927,0.13919081538915634,1.5,0.4999999999999997,0.22062344074249274
486364000,2.2079999999999997,1.9031485319137573,0.14443213492631912,1.5,0.5066666666666664,0.2231485319137574
486372000,2.2159999999999997,1.905598521232605,0.14972814172506332,1.5,0.5133333333333331,0.22559852123260504
486380000,2.2239999999999998,1.9079769849777222,0.1550792083144188,1.5,0.5199999999999998,0.22797698497772223
486388000,2.2319999999999998,1.9102813005447388,0.1604839786887169,1.5,0.5266666666666664,0.23028130054473883
486396000,2.2399999999999998,1.9125117063522339,0.1659420058131218,1.5,0.5333333333333331,0.23251170635223395
486404000,2.2479999999999998,1.914669156074524,0.17145290225744247,1.5,0.5399999999999998,0.234669156074524
486412000,2.256,1.916754126548767,0.17701613157987595,1.5,0.5466666666666664,0.23675412654876715
486420000,2.264,1.9187673330307007,0.18263115733861923,1.5,0.5533333333333331,0.23876733303070075
486428000,2.272,1.920709490776062,0.18829744309186935,1.5,0.5599999999999998,0.24070949077606207
486436000,2.28,1.922580361366272,0.19401460140943527,1.5,0.5666666666666664,0.24258036136627203
486444000,2.288,1.924381136894226,0.199782095849514,1.5,0.5733333333333331,0.24438113689422614
486452000,2.296,1.9261265993118286,0.2055697962641716,1.5,0.5799999999999998,0.24612659931182868
486460000,2.304,1.926601767539978,0.21180664747953415,1.5,0.5866666666666664,0.2466017675399781
486468000,2.312,1.9270321130752563,0.21808528155088425,1.5,0.5933333333333332,0.2470321130752564
486476000,2.32,1.9274176359176636,0.2244054600596428,1.5,0.5999999999999999,0.24741763591766364
486484000,2.328,1.9277576208114624,0.23076700419187546,1.5,0.6066666666666665,0.24775762081146246
486492000,2.336,1.928052306175232,0.23716961592435837,1.5,0.6133333333333332,0.248052306175232
486500000,2.344,1.9283019304275513,0.24361296743154526,1.5,0.6199999999999999,0.24830193042755133
486508000,2.352,1.9285062551498413,0.2500966712832451,1.5,0.6266666666666665,0.24850625514984137
486516000,2.36,1.928665280342102,0.2566203102469444,1.5,0.6333333333333332,0.2486652803421021
486524000,2.368,1.92877995967865,0.263183169066906,1.5,0.6399999999999999,0.24877995967864996
486532000,2.376,1.9288495779037476,0.26978548616170883,1.5,0.6466666666666665,0.24884957790374762
486540000,2.384,1.9288746118545532,0.2764269933104515,1.5,0.6533333333333332,0.24887461185455328
486548000,2.392,1.928855061531067,0.2831073924899101,1.5,0.6599999999999999,0.24885506153106696
486556000,2.4,1.9287906885147095,0.28982650488615036,1.5,0.6666666666666665,0.24879068851470953
486564000,2.408,1.9286824464797974,0.29658394306898117,1.5,0.6733333333333332,0.24868244647979743
486572000,2.416,1.9285300970077515,0.30337946861982346,1.5,0.6799999999999999,0.24853009700775153
486580000,2.424,1.92833411693573,0.3102126941084862,1.5,0.6866666666666665,0.24833411693573004
486588000,2.432,1.9273267984390259,0.3171580359339714,1.5,0.6933333333333332,0.24732679843902594
486596000,2.44,1.926291823387146,0.3241404518485069,1.5,0.7,0.24629182338714606
486604000,2.448,1.9252289533615112,0.3311597928404808,1.5,0.7066666666666666,0.2452289533615113
486612000,2.456,1.9241377115249634,0.338215671479702,1.5,0.7133333333333333,0.24413771152496344
486620000,2.464,1.9230185747146606,0.3453075811266899,1.5,0.72,0.2430185747146607
486628000,2.472,1.9218717813491821,0.3524352237582207,1.5,0.7266666666666666,0.2418717813491822
486636000,2.48,1.9206970930099487,0.359598271548748,1.5,0.7333333333333333,0.2406970930099488
486644000,2.488,1.9194949865341187,0.36679642647504807,1.5,0.74,0.23949498653411871
486652000,2.496,1.918265461921692,0.3740292713046074,1.5,0.7466666666666666,0.23826546192169196
486660000,2.504,1.9170087575912476,0.38130100816488266,1.5,0.7533333333333333,0.23700875759124762
486668000,2.512,1.9157248735427856,0.38860636204481125,1.5,0.76,0.2357248735427857
486676000,2.52,1.9144145250320435,0.39594482630491257,1.5,0.7666666666666666,0.23441452503204352
486684000,2.528,1.9130772352218628,0.4033160135149956,1.5,0.7733333333333333,0.23307723522186286
486692000,2.536,1.911713719367981,0.41071950644254684,1.5,0.78,0.23171371936798102
486700000,2.544,1.910324215888977,0.4181549474596977,1.5,0.7866666666666666,0.2303242158889771
486708000,2.552,1.908525824546814,0.4259292408823967,1.5,0.7933333333333333,0.22852582454681403
486716000,2.56,1.9067102670669556,0.4337302967905998,1.5,0.8,0.22671026706695563
486724000,2.568,1.9048775434494019,0.4415576383471489,1.5,0.8066666666666666,0.22487754344940192
486732000,2.576,1.9030343294143677,0.4494049474596977,1.5,0.8133333333333334,0.22303432941436774
486740000,2.584,1.9011746644973755,0.45727866142988205,1.5,0.8200000000000001,0.22117466449737555
486748000,2.592,1.8992985486984253,0.4651784226298332,1.5,0.8266666666666667,0.21929854869842536
486756000,2.6,1.8974064588546753,0.4731040522456169,1.5,0.8333333333333334,0.21740645885467536
486764000,2.608,1.8954988718032837,0.4810553714632988,1.5,0.8400000000000001,0.21549887180328375
486772000,2.616,1.8935753107070923,0.489032082259655,1.5,0.8466666666666667,0.21357531070709235
486780000,2.6239999999999997,1.8916367292404175,0.4970340058207512,1.5,0.853333333333333,0.21163672924041754
486788000,2.6319999999999997,1.8896833658218384,0.5050608441233635,1.5,0.8599999999999997,0.20968336582183844
486796000,2.6399999999999997,1.887715220451355,0.5131123587489128,1.5,0.8666666666666664,0.20771522045135504
486804000,2.6479999999999997,1.8857272863388062,0.5211954638361931,1.5,0.8733333333333331,0.20572728633880621
486812000,2.6559999999999997,1.8837252855300903,0.5293021723628044,1.5,0.8799999999999997,0.2037252855300904
486820000,2.6639999999999997,1.8817096948623657,0.5374321267008781,1.5,0.8866666666666664,0.20170969486236578
486828000,2.6719999999999997,1.8796807527542114,0.5455852076411247,1.5,0.8933333333333331,0.1996807527542115
486836000,2.6799999999999997,1.8763009309768677,0.5537286326289177,1.5,0.8999999999999997,0.19630093097686774
486844000,2.6879999999999997,1.8729335069656372,0.561894528567791,1.5,0.9066666666666664,0.19293350696563727
486852000,2.6959999999999997,1.8695780038833618,0.570082537829876,1.5,0.9133333333333331,0.18957800388336188
486860000,2.7039999999999997,1.8662341833114624,0.5782922431826591,1.5,0.9199999999999997,0.18623418331146246
486868000,2.7119999999999997,1.8629158735275269,0.586519293487072,1.5,0.9266666666666664,0.18291587352752692
486876000,2.7199999999999998,1.8596080541610718,0.5947669073939323,1.5,0.9333333333333331,0.17960805416107184
486884000,2.7279999999999998,1.856310486793518,0.6030347272753716,1.5,0.9399999999999997,0.17631048679351813
486892000,2.7359999999999998,1.8530231714248657,0.6113222166895866,1.5,0.9466666666666664,0.17302317142486578
486900000,2.7439999999999998,1.8497453927993774,0.6196289584040642,1.5,0.9533333333333331,0.1697453927993775
486908000,2.752,1.8464769124984741,0.6279546543955803,1.5,0.9599999999999997,0.16647691249847418
486916000,2.76,1.8432179689407349,0.6362990066409111,1.5,0.9666666666666665,0.16321796894073493
486924000,2.768,1.8399678468704224,0.644661657512188,1.5,0.9733333333333332,0.15996784687042243
486932000,2.776,1.8367265462875366,0.6530419513583183,1.5,0.9799999999999998,0.15672654628753668
486940000,2.784,1.8334962129592896,0.6614398881793022,1.5,0.9866666666666665,0.1534962129592896
486948000,2.792,1.8302747011184692,0.6698549315333366,1.5,0.9933333333333332,0.1501450684666633
486956000,2.8,1.8270620107650757,0.6782866045832634,1.5,1.0,0.14171339541673655
486964000,2.808,1.8239904642105103,0.6868310496211052,1.5075,1.0,0.13316895037889476
486972000,2.816,1.8209248781204224,0.6953909918665886,1.5150000000000001,1.0,0.12460900813341136
486980000,2.824,1.8178657293319702,0.7039660736918449,1.5225,1.0,0.11603392630815501
486988000,2.832,1.8148125410079956,0.712555818259716,1.53,1.0,0.10744418174028392
486996000,2.84,1.8117653131484985,0.7211605831980705,1.5375,1.0,0.09883941680192943
487004000,2.848,1.8087230920791626,0.7297819778323174,1.545,1.0,0.0902180221676826
487012000,2.856,1.8056904077529907,0.7384056374430656,1.5525,1.0,0.08159436255693431
487020000,2.864,1.802662968635559,0.7470447346568108,1.56,1.0,0.07295526534318919
487028000,2.872,1.7996433973312378,0.7556960508227348,1.5675000000000001,1.0,0.06430394917726512
487036000,2.88,1.796634554862976,0.764355294406414,1.5750000000000002,1.0,0.05564470559358592
487044000,2.888,1.7936400175094604,0.773017518222332,1.5825,1.0,0.04698248177766795
487052000,2.896,1.7906643152236938,0.781677357852459,1.59,1.0,0.038322642147541
487060000,2.904,1.7877117395401,0.7903295084834099,1.5975000000000001,1.0,0.02967049151659007
487068000,2.912,1.7847870588302612,0.7989687845110893,1.605,1.0,0.021031215488910626
487076000,2.92,1.7818955183029175,0.807589940726757,1.6125,1.0,0.012410059273242902
487084000,2.928,1.7786723375320435,0.8168098852038383,1.62,1.0,0.0031901147961616028
487092000,2.936,1.7755018472671509,0.8259929344058037,1.6275000000000002,1.0,0.0
487100000,2.944,1.7723885774612427,0.8351347967982292,1.6350000000000002,1.0,0.0
487108000,2.952,1.76933753490448,0.8442313596606255,1.6425,1.0,0.0
487116000,2.96,1.766353726387024,0.8532785698771477,1.6500000000000001,1.0,0.0
487124000,2.968,1.7634416818618774,0.8622725531458855,1.6575000000000002,1.0,0.0
487132000,2.976,1.7606061697006226,0.8712097331881523,1.665,1.0,0.0
487140000,2.984,1.757851481437683,0.8800866529345512,1.6725,1.0,0.0
487148000,2.992,1.7551602125167847,0.8889034911990166,1.6800000000000002,1.0,0.0
487156000,3.0,1.7525578737258911,0.8976536318659782,1.6875000000000002,1.0,0.0
487164000,3.008,1.7500489950180054,0.9063343331217766,1.6950000000000003,1.0,0.0
487172000,3.016,1.7476366758346558,0.9149431511759758,1.7025000000000001,1.0,0.0
487180000,3.024,1.7453242540359497,0.9234775826334953,1.7100000000000002,1.0,0.0
487188000,3.032,1.7431153059005737,0.9319356009364128,1.7175000000000002,1.0,0.0
487196000,3.04,1.7410119771957397,0.9403155371546745,1.725,1.0,0.0
487204000,3.048,1.7390168905258179,0.9486157223582268,1.7325000000000002,1.0,0.0
487212000,3.056,1.7363466024398804,0.9568810984492302,1.7400000000000002,1.0,0.0
487220000,3.064,1.7338062524795532,0.9650596901774406,1.7475000000000003,1.0,0.0
487228000,3.072,1.7313960790634155,0.9731519743800163,1.7550000000000003,1.0,0.0
487236000,3.08,1.7291167974472046,0.9811569973826408,1.7625000000000002,1.0,0.0
487244000,3.088,1.7269693613052368,0.9890739247202873,1.7700000000000002,1.0,0.0
487252000,3.0959999999999996,1.7249542474746704,0.9969020411372185,1.7774999999999999,1.0,0.0
487260000,3.1039999999999996,1.7230716943740845,1.0046405121684074,1.7849999999999997,1.0,0.0
487268000,3.1119999999999997,1.7213226556777954,1.012288860976696,1.7924999999999998,1.0,0.0
487276000,3.1199999999999997,1.7197071313858032,1.0198469683527946,1.7999999999999998,1.0,0.0
487284000,3.1279999999999997,1.718225121498108,1.027314119040966,1.8074999999999999,1.0,0.0
487292000,3.1359999999999997,1.7168689966201782,1.034690074622631,1.815,1.0,0.0
487300000,3.1439999999999997,1.7156461477279663,1.0419748350977898,1.8224999999999998,1.0,0.0
487308000,3.1519999999999997,1.714556097984314,1.0491682812571526,1.8299999999999998,1.0,0.0
487316000,3.1599999999999997,1.7135981321334839,1.05627029389143,1.8375,1.0,0.0
487324000,3.1679999999999997,1.7127717733383179,1.0632808730006218,1.8449999999999998,1.0,0.0
487332000,3.1759999999999997,1.7120763063430786,1.0702000185847282,1.8524999999999998,1.0,0.0
487340000,3.1839999999999997,1.7114895582199097,1.0773329064249992,1.8599999999999999,1.0,0.0
487348000,3.1919999999999997,1.7110341787338257,1.0843682810664177,1.8675,1.0,0.0
487356000,3.1999999999999997,1.7107094526290894,1.0913066193461418,1.875,1.0,0.0
487364000,3.2079999999999997,1.710513710975647,1.0981519743800163,1.8824999999999998,1.0,0.0
487372000,3.2159999999999997,1.7104464769363403,1.1049010083079338,1.89,1.0,0.0
487380000,3.2239999999999998,1.710506558418274,1.1115541979670525,1.8975,1.0,0.0
487388000,3.2319999999999998,1.7106927633285522,1.1181120201945305,1.9049999999999998,1.0,0.0
487396000,3.2399999999999998,1.7110036611557007,1.124574951827526,1.9124999999999999,1.0,0.0
487404000,3.2479999999999998,1.7114382982254028,1.1309434697031975,1.92,1.0,0.0
487412000,3.256,1.7119957208633423,1.1372179314494133,1.9275,1.0,0.0
487420000,3.264,1.7126747369766235,1.1433989331126213,1.935,1.0,0.0
487428000,3.272,1.7134724855422974,1.1494867131114006,1.9425,1.0,0.0
487436000,3.28,1.714389443397522,1.155481867492199,1.95,1.0,0.0
487444000,3.288,1.7154239416122437,1.161384992301464,1.9575,1.0,0.0
487452000,3.296,1.716575264930725,1.1671963259577751,1.9649999999999999,1.0,0.0
487460000,3.304,1.7188245058059692,1.172690562903881,1.9725,1.0,0.0
487468000,3.312,1.7211700677871704,1.1780996844172478,1.98,1.0,0.0
487476000,3.32,1.7236112356185913,1.1834236904978752,1.9875,1.0,0.003423690497875276
487484000,3.328,1.7261470556259155,1.1886630579829216,1.995,1.0,0.008663057982921663
487492000,3.336,1.728777527809143,1.1938181445002556,2.0025,1.0,0.013818144500255647
487500000,3.344,1.7315036058425903,1.19889348000288,2.01,1.0,0.01889348000288016
487508000,3.352,1.7343229055404663,1.20388513058424,2.0175,1.0,0.023885130584240022
487516000,3.36,1.7372344732284546,1.2087932154536247,2.025,1.0,0.028793215453624788
487524000,3.368,1.740237832069397,1.213617853820324,2.0324999999999998,1.0,0.033617853820324006
487532000,3.376,1.7433322668075562,1.2183594033122063,2.04,1.0,0.03835940331220633
487540000,3.384,1.746517539024353,1.2230182215571404,2.0475,1.0,0.04301822155714041
487548000,3.392,1.7497926950454712,1.2275945469737053,2.055,1.0,0.047594546973705354
487556000,3.4,1.7531570196151733,1.2320887371897697,2.0625,1.0,0.05208873718976981
487564000,3.408,1.7566097974777222,1.2365010306239128,2.0700000000000003,1.0,0.05650103062391287
487572000,3.416,1.7601624727249146,1.2408344075083733,2.0775,1.0,0.06083440750837332
487580000,3.424,1.763802409172058,1.245086245238781,2.085,1.0,0.06508624523878104
487588000,3.432,1.7682207822799683,1.2488999888300896,2.0925000000000002,1.0,0.06889998883008963
487596000,3.44,1.7727130651474,1.2526408955454826,2.1,1.0,0.0726408955454827
487604000,3.448,1.7772785425186157,1.2563088461756706,2.1075,1.0,0.07630884617567069
487612000,3.456,1.7819169759750366,1.2599043175578117,2.115,1.0,0.0799043175578118
487620000,3.464,1.7866283655166626,1.2634274289011955,2.1225,1.0,0.08342742890119559
487628000,3.472,1.7914122343063354,1.266878418624401,2.13,1.0,0.08687841862440115
487636000,3.48,1.796268105506897,1.2702572867274284,2.1375,1.0,0.0902572867274285
487644000,3.488,1.8011952638626099,1.2735630795359612,2.145,1.0,0.09356307953596121
487652000,3.496,1.806193470954895,1.276797465980053,2.1525,1.0,0.09679746598005301
487660000,3.504,1.8112622499465942,1.279960922896862,2.16,1.0,0.09996092289686209
487668000,3.512,1.8164013624191284,1.2830536887049675,2.1675,1.0,0.10305368870496756
487676000,3.52,1.8216100931167603,1.286076121032238,2.1750000000000003,1.0,0.10607612103223807
487684000,3.528,1.8268879652023315,1.2890285775065422,2.1825,1.0,0.10902857750654227
487692000,3.536,1.8322347402572632,1.2919114157557487,2.1900000000000004,1.0,0.11191141575574881
487700000,3.544,1.8376494646072388,1.2947249934077263,2.1975000000000002,1.0,0.11472499340772635
487708000,3.552,1.8446868658065796,1.2975265309214592,2.205,1.0,0.11752653092145926
487716000,3.56,1.8517590761184692,1.3002566620707512,2.2125000000000004,1.0,0.12025666207075125
487724000,3.568,1.8588658571243286,1.302915744483471,2.22,1.0,0.12291574448347098
487732000,3.5759999999999996,1.866007685661316,1.3055042549967766,2.2275,1.0,0.12550425499677664
487740000,3.5839999999999996,1.8731852769851685,1.308022789657116,2.235,1.0,0.128022789657116
487748000,3.5919999999999996,1.8803986310958862,1.3104719445109367,2.2424999999999997,1.0,0.1304719445109368
487756000,3.5999999999999996,1.8876479864120483,1.3128523156046867,2.25,1.0,0.1328523156046868
487764000,3.6079999999999997,1.8949335813522339,1.3151644989848137,2.2575,1.0,0.13516449898481375
487772000,3.6159999999999997,1.902255654335022,1.3174089714884758,2.2649999999999997,1.0,0.13740897148847586
487780000,3.6239999999999997,1.9096134901046753,1.3195879980921745,2.2725,1.0,0.1395879980921746
487788000,3.6319999999999997,1.9170078039169312,1.321700744330883,2.28,1.0,0.1417007443308831
487796000,3.6399999999999997,1.9244385957717896,1.3237474486231804,2.2874999999999996,1.0,0.14374744862318045
487804000,3.6479999999999997,1.9319063425064087,1.325728826224804,2.295,1.0,0.145728826224804
487812000,3.6559999999999997,1.9394108057022095,1.3276454731822014,2.3024999999999998,1.0,0.14764547318220145
487820000,3.6639999999999997,1.946951985359192,1.3294977471232414,2.3099999999999996,1.0,0.1494977471232415
487828000,3.6719999999999997,1.9545296430587769,1.331286482512951,2.3175,1.0,0.15128648251295096
487836000,3.6799999999999997,1.9625145196914673,1.3325380608439445,2.3249999999999997,1.0,0.1525380608439446
487844000,3.6879999999999997,1.9705299139022827,1.3337356373667717,2.3325,1.0,0.15373563736677176
487852000,3.6959999999999997,1.978587031364441,1.334873728454113,2.34,1.0,0.15487372845411307
487860000,3.7039999999999997,1.9866749048233032,1.3359588906168938,2.3475,1.0,0.15595889061689383
487868000,3.7119999999999997,1.9947930574417114,1.3369916006922722,2.355,1.0,0.15699160069227225
487876000,3.7199999999999998,2.0029414892196655,1.3379720970988274,2.3625,1.0,0.15797209709882742
487884000,3.7279999999999998,2.0111199617385864,1.3389006182551384,2.37,1.0,0.15890061825513846
487892000,3.7359999999999998,2.019328236579895,1.3397776409983635,2.3775,1.0,0.15977764099836356
487900000,3.7439999999999998,2.0275663137435913,1.3406034037470818,2.385,1.0,0.16060340374708182
487908000,3.752,2.035833477973938,1.34137874096632,2.3925,1.0,0.1613787409663201
487916000,3.76,2.044129252433777,1.3421035334467888,2.4,1.0,0.16210353344678885
487924000,3.768,2.052451968193054,1.3427718207240105,2.4074999999999998,1.0,0.16277182072401053
487932000,3.776,2.0608030557632446,1.3433908745646477,2.415,1.0,0.16339087456464774
487940000,3.784,2.06918203830719,1.3439609333872795,2.4225,1.0,0.16396093338727957
487948000,3.792,2.077588438987732,1.3444825932383537,2.4299999999999997,1.0,0.1644825932383538
487956000,3.8,2.086022734642029,1.344956211745739,2.4375,1.0,0.16495621174573905
487964000,3.808,2.0948902368545532,1.3447737023234367,2.445,1.0,0.1647737023234368
487972000,3.816,2.1037756204605103,1.3445567414164543,2.4525,1.0,0.16455674141645438
487980000,3.824,2.112679123878479,1.3443053290247917,2.46,1.0,0.16430532902479178
487988000,3.832,2.1215959787368774,1.3440156504511833,2.4675000000000002,1.0,0.16401565045118338
487996000,3.84,2.1305307149887085,1.343691997230053,2.475,1.0,0.163691997230053
488004000,3.848,2.139483094215393,1.3433343693614006,2.4825,1.0,0.16333436936140067
488012000,3.856,2.1484533548355103,1.3429430052638054,2.49,1.0,0.16294300526380545
488020000,3.864,2.1574407815933228,1.342518262565136,2.4975,1.0,0.16251826256513602
488028000,3.872,2.1664453744888306,1.3420602604746819,2.505,1.0,0.16206026047468192
488036000,3.88,2.1754668951034546,1.3415695950388908,2.5125,1.0,0.1615695950388909
488044000,3.888,2.1845048666000366,1.3410463854670525,2.52,1.0,0.16104638546705252
488052000,3.896,2.1935592889785767,1.3404907509684563,2.5275,1.0,0.16049075096845633
488060000,3.904,2.2026256322860718,1.3398941084742546,2.535,1.0,0.15989410847425467
488068000,3.912,2.211708188056946,1.339265875518322,2.5425,1.0,0.15926587551832205
488076000,3.92,2.2208067178726196,1.338606409728527,2.55,1.0,0.15860640972852713
488084000,3.928,2.2295867204666138,1.3376136347651482,2.5575,1.0,0.15761363476514823
488092000,3.936,2.238390564918518,1.3365974947810173,2.565,1.0,0.15659749478101737
488100000,3.944,2.2472177743911743,1.3355582281947136,2.5725,1.0,0.15555822819471365
488108000,3.952,2.256067395210266,1.3344957157969475,2.58,1.0,0.15449571579694754
488116000,3.96,2.2649394273757935,1.333409957587719,2.5875000000000004,1.0,0.15340995758771903
488124000,3.968,2.273833155632019,1.3323013111948967,2.5949999999999998,1.0,0.15230131119489676
488132000,3.976,2.282746195793152,1.3311700150370598,2.6025,1.0,0.15117001503705985
488140000,3.984,2.2916795015335083,1.3300164267420769,2.6100000000000003,1.0,0.15001642674207694
488148000,3.992,2.3006328344345093,1.328840546309948,2.6175,1.0,0.14884054630994803
488156000,4.0,2.3096054792404175,1.3276427313685417,2.625,1.0,0.14764273136854178
488164000,4.008,2.3185969591140747,1.3264234587550163,2.6325000000000003,1.0,0.1464234587550164
488172000,4.016,2.3276067972183228,1.3251828476786613,2.64,1.0,0.1451828476786614
488180000,4.024,2.3366342782974243,1.3239211365580559,2.6475,1.0,0.14392113655805594
488188000,4.032,2.3456791639328003,1.3226388022303581,2.6550000000000002,1.0,0.14263880223035819
488196000,4.04,2.3547407388687134,1.3213360831141472,2.6625,1.0,0.14133608311414725
488204000,4.048,2.3638240098953247,1.3200214430689812,2.67,1.0,0.14002144306898123
488212000,4.056,2.372428774833679,1.3183458372950554,2.6775,1.0,0.13834583729505545
488220000,4.064,2.381060004234314,1.3166554495692253,2.685,1.0,0.13665544956922537
488228000,4.072,2.3897167444229126,1.314950279891491,2.6925,1.0,0.134950279891491
488236000,4.08,2.398398280143738,1.3132304474711418,2.7,1.0,0.13323044747114188
488244000,4.088,2.4071038961410522,1.3114960715174675,2.7075000000000005,1.0,0.13149607151746756
488252000,4.096,2.4158328771591187,1.309747390449047,2.715,1.0,0.12974739044904715
488260000,4.104,2.4245845079421997,1.3079845234751701,2.7225,1.0,0.1279845234751702
488268000,4.112,2.4333778619766235,1.3062098547816277,2.7300000000000004,1.0,0.12620985478162772
488276000,4.12,2.4421929121017456,1.3044215962290764,2.7375000000000003,1.0,0.12442159622907645
488284000,4.128,2.4510289430618286,1.3026198670268059,2.745,1.0,0.12261986702680594
488292000,4.136,2.459885001182556,1.3008050248026848,2.7525000000000004,1.0,0.12080502480268485
488300000,4.144,2.4687610864639282,1.2989773079752922,2.7600000000000002,1.0,0.11897730797529227
488308000,4.152,2.4776567220687866,1.2971367165446281,2.7675,1.0,0.1171367165446282
488316000,4.16,2.486571192741394,1.2952837273478508,2.7750000000000004,1.0,0.11528372734785086
488324000,4.168,2.4955040216445923,1.2934188172221184,2.7825,1.0,0.11341881722211844
488332000,4.176,2.5044549703598022,1.2915423437952995,2.79,1.0,0.11154234379529959
488340000,4.184,2.513111710548401,1.2893009707331657,2.7975000000000003,1.0,0.1093009707331658
488348000,4.192,2.521792769432068,1.287055067718029,2.805,1.0,0.10705506771802908
488356000,4.2,2.530497670173645,1.284804753959179,2.8125,1.0,0.10480475395917899
488364000,4.208,2.539225459098816,1.2825500294566154,2.8200000000000003,1.0,0.10255002945661551
488372000,4.216,2.5479758977890015,1.2802911326289177,2.8275000000000006,1.0,0.10029113262891776
488380000,4.224,2.5567482709884644,1.2780280634760857,2.835,1.0,0.09802806347608573
488388000,4.232,2.5655423402786255,1.275760941207409,2.8425000000000002,1.0,0.09576094120740897
488396000,4.24,2.5743571519851685,1.273490123450756,2.8500000000000005,1.0,0.09349012345075614
488404000,4.248,2.583192467689514,1.2712157294154167,2.8575000000000004,1.0,0.09121572941541678
488412000,4.256,2.592049717903137,1.268955521285534,2.865,1.0,0.08895552128553397
488420000,4.264,2.6009258031845093,1.2666917368769646,2.8725000000000005,1.0,0.08669173687696463
488428000,4.272,2.6098204851150513,1.2644249722361565,2.8800000000000003,1.0,0.08442497223615653
488436000,4.28,2.618733286857605,1.26215510815382,2.8875,1.0,0.0821551081538201
488444000,4.287999999999999,2.6276639699935913,1.2598823830485344,2.8949999999999996,1.0,0.07988238304853446
488452000,4.295999999999999,2.636611819267273,1.2576070353388786,2.9024999999999994,1.0,0.0776070353388787
488460000,4.303999999999999,2.645798087120056,1.2553217932581902,2.9099999999999993,1.0,0.07532179325819022
488468000,4.311999999999999,2.6549969911575317,1.253034882247448,2.9174999999999995,1.0,0.07303488224744803
488476000,4.319999999999999,2.6642082929611206,1.250746302306652,2.925,1.0,0.07074630230665213
488484000,4.327999999999999,2.673434853553772,1.2484534308314323,2.932499999999999,1.0,0.0684534308314324
488492000,4.335999999999999,2.6826730966567993,1.2461596056818962,2.9399999999999995,1.0,0.06615960568189627
488500000,4.343999999999999,2.6919232606887817,1.2438648268580437,2.9475,1.0,0.06386482685804373
488508000,4.351999999999999,2.701184391975403,1.2415694519877434,2.9549999999999996,1.0,0.06156945198774344
488516000,4.359999999999999,2.710456967353821,1.2392737194895744,2.9624999999999995,1.0,0.059273719489574495
488524000,4.367999999999999,2.7197405099868774,1.2369779869914055,2.9699999999999998,1.0,0.05697798699140555
488532000,4.3759999999999994,2.7290347814559937,1.2346824929118156,2.9774999999999996,1.0,0.054682492911815705
488540000,4.3839999999999995,2.7383397817611694,1.232387714087963,2.9849999999999994,1.0,0.052387714087963166
488548000,4.3919999999999995,2.7476662397384644,1.2300994917750359,2.9924999999999997,1.0,0.05009949177503592
488556000,4.3999999999999995,2.7570024728775024,1.2278124615550041,2.9999999999999996,1.0,0.04781246155500418
488564000,4.4079999999999995,2.766348719596863,1.225526623427868,3.0,1.0,0.04552662342786795
488572000,4.4159999999999995,2.775704264640808,1.2232422158122063,3.0,1.0,0.04324221581220633
488580000,4.4239999999999995,2.7850688695907593,1.2209593579173088,3.0,1.0,0.04095935791730887
488588000,4.4319999999999995,2.794702172279358,1.2184918448328972,3.0,1.0,0.03849184483289725
488596000,4.4399999999999995,2.8043357133865356,1.216030292212963,3.0,1.0,0.036030292212963166
488604000,4.4479999999999995,2.81397020816803,1.2135749384760857,3.0,1.0,0.033574938476085725
488612000,4.4559999999999995,2.8236063718795776,1.2111259028315544,3.0,1.0,0.031125902831554475
488620000,4.4639999999999995,2.8332468271255493,1.2086864039301872,3.0,1.0,0.028686403930187288
488628000,4.4719999999999995,2.842887282371521,1.2062535807490349,3.0,1.0,0.026253580749034944
488636000,4.4799999999999995,2.8525255918502808,1.2038274332880974,3.0,1.0,0.023827433288097444
488644000,4.4879999999999995,2.8621586561203003,1.2014079615473747,3.0,1.0,0.021407961547374788
488652000,4.4959999999999996,2.871783137321472,1.1989952847361565,3.0,1.0,0.018995284736156526
488660000,4.504,2.8813945055007935,1.1965897604823112,3.0,1.0,0.01658976048231131
488668000,4.512,2.8909884691238403,1.1941915079951286,3.0,1.0,0.014191507995128694
488676000,4.52,2.9005600214004517,1.1918005272746086,3.0,1.0,0.011800527274608674
488684000,4.528,2.9101041555404663,1.1894166991114616,3.0,1.0,0.009416699111461702
488692000,4.536,2.919601798057556,1.1870309635996819,3.0,1.0,0.007030963599681916
488700000,4.544,2.929062247276306,1.1846529766917229,3.0,1.0,0.004652976691722932
488708000,4.552,2.939067244529724,1.1816435381770134,3.0,1.0,0.0016435381770134594
488716000,4.56,2.9490140676498413,1.1786559149622917,3.0,1.0,0.0
488724000,4.568,2.9588977098464966,1.1756898686289787,3.0,1.0,0.0
488732000,4.576,2.968713402748108,1.1727448031306267,3.0,1.0,0.0
488740000,4.584,2.9784568548202515,1.169820599257946,3.0,1.0,0.0
488748000,4.592,2.9881237745285034,1.166916899383068,3.0,1.0,0.0
488756000,4.6,2.99770987033844,1.1640334650874138,3.0,1.0,0.0
488764000,4.608,3.007210850715637,1.1611683890223503,3.0,1.0,0.0
488772000,4.616,3.0166229009628296,1.158323459327221,3.0,1.0,0.0
488780000,4.624,3.025943160057068,1.155498318374157,3.0,1.0,0.0
488788000,4.632,3.0351678133010864,1.1526927277445793,3.0,1.0,0.0
488796000,4.64,3.0442944765090942,1.1499065682291985,3.0,1.0,0.0
488804000,4.648,3.053319811820984,1.1471398398280144,3.0,1.0,0.0
488812000,4.656,3.0622414350509644,1.1443924233317375,3.0,1.0,0.0
488820000,4.664,3.0710567235946655,1.1416638419032097,3.0,1.0,0.0
488828000,4.672,3.0797547101974487,1.1389457508921623,3.0,1.0,0.0
488836000,4.68,3.088279366493225,1.1362721249461174,3.0,1.0,0.0
488844000,4.688,3.096695303916931,1.1336170956492424,3.0,1.0,0.0
488852000,4.696,3.1050013303756714,1.1309806630015373,3.0,1.0,0.0
488860000,4.704,3.113196015357971,1.1283627077937126,3.0,1.0,0.0
488868000,4.712,3.121277689933777,1.1257629916071892,3.0,1.0,0.0
488876000,4.72,3.12924587726593,1.1231817528605461,3.0,1.0,0.0
488884000,4.728,3.1370993852615356,1.1206187531352043,3.0,1.0,0.0
488892000,4.736,3.1448382139205933,1.1180741116404533,3.0,1.0,0.0
488900000,4.744,3.1524628400802612,1.115553192794323,3.0,1.0,0.0
488908000,4.752,3.159971833229065,1.1130505129694939,3.0,1.0,0.0
488916000,4.76,3.1673651933670044,1.110566072165966,3.0,1.0,0.0
488924000,4.768,3.1746429204940796,1.108099989593029,3.0,1.0,0.0
488932000,4.776,3.1818052530288696,1.1056521460413933,3.0,1.0,0.0
488940000,4.784,3.1888526678085327,1.1032225415110588,3.0,1.0,0.0
488948000,4.792,3.195785403251648,1.1008112952113152,3.0,1.0,0.0
488956000,4.8,3.2026039361953735,1.0984184071421623,3.0,1.0,0.0
488964000,4.808,3.2091532945632935,1.0959196612238884,3.0,1.0,0.0
488972000,4.816,3.2155991792678833,1.093444637954235,3.0,1.0,0.0
488980000,4.824,3.2219318151474,1.0909908339381218,3.0,1.0,0.0
488988000,4.832,3.2281519174575806,1.0885580107569695,3.0,1.0,0.0
488996000,4.84,3.2342602014541626,1.0861464068293571,3.0,1.0,0.0
489004000,4.848,3.2402578592300415,1.0837557837367058,3.0,1.0,0.0
489012000,4.856,3.2461458444595337,1.0813859030604362,3.0,1.0,0.0
489020000,4.864,3.2519251108169556,1.0790371224284172,3.0,1.0,0.0
489028000,4.872,3.257597327232361,1.076709322631359,3.0,1.0,0.0
489036000,4.88,3.2631627321243286,1.074402503669262,3.0,1.0,0.0
489044000,4.888,3.268621563911438,1.0721134468913078,3.0,1.0,0.0
489052000,4.896,3.2739757299423218,1.0698452517390251,3.0,1.0,0.0
489060000,4.904,3.2792268991470337,1.0675979182124138,3.0,1.0,0.0
489068000,4.912,3.284375548362732,1.0653713271021843,3.0,1.0,0.0
489076000,4.92,3.289423108100891,1.063165359199047,3.0,1.0,0.0
489084000,4.928,3.294110417366028,1.061014585196972,3.0,1.0,0.0
489092000,4.936,3.298697829246521,1.058884434401989,3.0,1.0,0.0
489100000,4.944,3.303186774253845,1.056775026023388,3.0,1.0,0.0031867742538453925
489108000,4.952,3.3075977563858032,1.0546832606196404,3.0,1.0,0.0075977563858034
489116000,4.96,3.311912417411804,1.0526123568415642,3.0,1.0,0.011912417411804377
489124000,4.968,3.3161314725875854,1.050562433898449,3.0,1.0,0.016131472587585627
489132000,4.976,3.3202563524246216,1.048533372581005,3.0,1.0,0.02025635242462176
489140000,4.984,3.324287533760071,1.046525053679943,3.0,1.0,0.02428753376007098
489148000,4.992,3.328226685523987,1.044537715613842,3.0,1.0,0.028226685523986994
489156000,5.0,3.332074522972107,1.0425712391734123,3.0,1.0,0.03207452297210711
489164000,5.008,3.3358319997787476,1.0406258627772331,3.0,1.0,0.035831999778747736
489172000,5.016,3.339500308036804,1.0387014672160149,3.0,1.0,0.03950030803680438
489180000,5.024,3.343070864677429,1.0367951914668083,3.0,1.0,0.04307086467742938
489188000,5.032,3.346553921699524,1.0349097773432732,3.0,1.0,0.0465539216995241
489196000,5.04,3.349950671195984,1.0330451056361198,3.0,1.0,0.049950671195984064
489204000,5.048,3.3532618284225464,1.031201295554638,3.0,1.0,0.053261828422546564
489212000,5.056,3.355796456336975,1.02976506203413,3.0,1.0,0.055796456336975275
489220000,5.064,3.3582593202590942,1.0283442065119743,3.0,1.0,0.058259320259094416
489228000,5.072,3.3606516122817993,1.0269388481974602,3.0,1.0,0.060651612281799494
489236000,5.08,3.3629738092422485,1.0255493447184563,3.0,1.0,0.06297380924224871
489244000,5.088,3.365225911140442,1.0241759344935417,3.0,1.0,0.06522591114044207
489252000,5.096,3.367408871650696,1.0228236243128777,3.0,1.0,0.06740887165069598
489260000,5.104,3.3695231676101685,1.0214875265955925,3.0,1.0,0.06952316761016863
489268000,5.112,3.371569037437439,1.0201677605509758,3.0,1.0,0.07156903743743914
489276000,5.12,3.3735469579696655,1.0188643261790276,3.0,1.0,0.0735469579696657
489284000,5.128,3.3754581212997437,1.0175774618983269,3.0,1.0,0.07545812129974383
489292000,5.136,3.3773022890090942,1.0163070484995842,3.0,1.0,0.07730228900909442
489300000,5.144,3.379080653190613,1.0150530859827995,3.0,1.0,0.07908065319061297
489308000,5.152,3.3807934522628784,1.0138155743479729,3.0,1.0,0.0807934522628786
489316000,5.16,3.3824414014816284,1.0125945135951042,3.0,1.0,0.0824414014816286
489324000,5.168,3.3840333223342896,1.0113902613520622,3.0,1.0,0.08403332233428973
489332000,5.176,3.3855615854263306,1.0102024599909782,3.0,1.0,0.08556158542633074
489340000,5.184,3.3861008882522583,1.0089815184473991,3.0,1.0,0.08610088825225848
489348000,5.192,3.3865972757339478,1.007779411971569,3.0,1.0,0.08659727573394793
489356000,5.2,3.38705050945282,1.0065960213541985,3.0,1.0,0.08705050945282
489364000,5.208,3.3874608278274536,1.0054311081767082,3.0,1.0,0.08746082782745379
489372000,5.216,3.3878284692764282,1.0042846724390984,3.0,1.0,0.0878284692764284
489380000,5.224,3.3881534337997437,1.0031562373042107,3.0,1.0,0.08815343379974383
489388000,5.232,3.388419508934021,1.0020512863993645,3.0,1.0,0.08841950893402117
489396000,5.239999999999999,3.3886433839797974,1.0009638592600822,3.0,1.0,0.08864338397979754
489404000,5.247999999999999,3.3888250589370728,0.999893955886364,3.0,1.0,0.08882505893707293
489412000,5.255999999999999,3.388964533805847,0.9988413378596306,3.0,1.0,0.08896453380584735
489420000,5.263999999999999,3.389062285423279,0.9978058859705925,3.0,1.0,0.08906228542327899
489428000,5.271999999999999,3.3891185522079468,0.9967872425913811,3.0,1.0,0.08911855220794695
489436000,5.279999999999999,3.3891338109970093,0.9957850500941277,3.0,1.0,0.08913381099700945
489444000,5.287999999999999,3.3891083002090454,0.9947993084788322,3.0,1.0,0.08910830020904559
489452000,5.295999999999999,3.3890422582626343,0.9938297793269157,3.0,1.0,0.08904225826263445
489460000,5.303999999999999,3.388382077217102,0.9932315871119499,3.0,1.0,0.08838207721710223
489468000,5.311999999999999,3.3876925706863403,0.9926425740122795,3.0,1.0,0.08769257068634051
489476000,5.319999999999999,3.386973261833191,0.9920628592371941,3.0,1.0,0.0869732618331911
489484000,5.327999999999999,3.386224627494812,0.9914925619959831,3.0,1.0,0.08622462749481219
489492000,5.335999999999999,3.3854464292526245,0.990931324660778,3.0,1.0,0.08544642925262469
489500000,5.343999999999999,3.3846386671066284,0.9903792664408684,3.0,1.0,0.0846386671066286
489508000,5.351999999999999,3.383802056312561,0.9898362681269646,3.0,1.0,0.08380205631256121
489516000,5.359999999999999,3.3829363584518433,0.9893025681376457,3.0,1.0,0.08293635845184344
489524000,5.367999999999999,3.3820420503616333,0.9887779280543327,3.0,1.0,0.08204205036163348
489532000,5.3759999999999994,3.3811382055282593,0.9882467314600945,3.0,1.0,0.08113820552825945
489540000,5.3839999999999995,3.380205988883972,0.9877244755625725,3.0,1.0,0.08020598888397235
489548000,5.3919999999999995,3.3792461156845093,0.9872108027338982,3.0,1.0,0.07924611568450945
489556000,5.3999999999999995,3.3782585859298706,0.9867057129740715,3.0,1.0,0.07825858592987078
489564000,5.4079999999999995,3.3772438764572144,0.9862089678645134,3.0,1.0,0.07724387645721453
489572000,5.4159999999999995,3.3762022256851196,0.985720805823803,3.0,1.0,0.0762022256851198
489580000,5.4239999999999995,3.3751336336135864,0.985240988433361,3.0,1.0,0.0751336336135866
489588000,5.4319999999999995,3.373705744743347,0.9853872582316399,3.0,1.0,0.07370574474334735
489596000,5.4399999999999995,3.372256636619568,0.9855313822627068,3.0,1.0,0.07225663661956805
489604000,5.4479999999999995,3.370789885520935,0.9856696650385857,3.0,1.0,0.07078988552093524
489612000,5.4559999999999995,3.3693023920059204,0.9858063980937004,3.0,1.0,0.06930239200592059
489620000,5.4639999999999995,3.367794394493103,0.9859417006373405,3.0,1.0,0.0677943944931032
489628000,5.4719999999999995,3.366265654563904,0.9860756918787956,3.0,1.0,0.06626565456390399
489636000,5.4799999999999995,3.364717125892639,0.9862083718180656,3.0,1.0,0.06471712589263934
489644000,5.4879999999999995,3.363148808479309,0.9863400980830193,3.0,1.0,0.06314880847930926
489652000,5.4959999999999996,3.361561417579651,0.9864708706736565,3.0,1.0,0.06156141757965106
489660000,5.504,3.3599549531936646,0.9866006895899773,3.0,1.0,0.05995495319366473
489668000,5.512,3.358328700065613,0.9867401644587517,3.0,1.0,0.05832870006561297
489676000,5.52,3.35668408870697,0.9868789240717888,3.0,1.0,0.05668408870697039
489684000,5.528,3.355021119117737,0.9870169684290886,3.0,1.0,0.055021119117736994
489692000,5.536,3.353340983390808,0.9871544167399406,3.0,1.0,0.05334098339080828
489700000,5.544,3.351643443107605,0.9872913882136345,3.0,1.0,0.05164344310760516
489708000,5.552,3.349608302116394,0.9874579235911369,3.0,1.0,0.04960830211639422
489716000,5.56,3.3475629091262817,0.9876241013407707,3.0,1.0,0.047562909126281916
489724000,5.568,3.345507502555847,0.9877896830439568,3.0,1.0,0.045507502555847346
489732000,5.576,3.3434423208236694,0.9879547879099846,3.0,1.0,0.04344232082366961
489740000,5.584,3.341363549232483,0.9881128594279289,3.0,1.0,0.04136354923248309
489748000,5.592,3.3392754793167114,0.988270215690136,3.0,1.0,0.0392754793167116
489756000,5.6,3.3371776342391968,0.9884267374873161,3.0,1.0,0.037177634239196955
489764000,5.608,3.3350709676742554,0.9885824248194695,3.0,1.0,0.03507096767425555
489772000,5.616,3.332955241203308,0.9887372776865959,3.0,1.0,0.03295524120330828
489780000,5.624,3.330830931663513,0.988891176879406,3.0,1.0,0.03083093166351336
489788000,5.632,3.328698515892029,0.9890438839793205,3.0,1.0,0.028698515892028986
489796000,5.64,3.326557755470276,0.9891951605677605,3.0,1.0,0.026557755470276057
489804000,5.648,3.3244093656539917,0.9893451258540154,3.0,1.0,0.024409365653991877
489812000,5.656,3.3222724199295044,0.989467553794384,3.0,1.0,0.022272419929504572
489820000,5.664,3.3201276063919067,0.989588551223278,3.0,1.0,0.020127606391906916
489828000,5.672,3.317975640296936,0.9897077605128288,3.0,1.0,0.017975640296936213
489836000,5.68,3.315698981285095,0.9905573651194572,3.0,1.0,0.015698981285095392
489844000,5.688,3.3134180307388306,0.9913884922862053,3.0,1.0,0.013418030738830744
489852000,5.696,3.311132550239563,0.9922013804316521,3.0,1.0,0.011132550239563166
489860000,5.704,3.3088430166244507,0.9929965063929558,3.0,1.0,0.008843016624450861
489868000,5.712,3.3065494298934937,0.9937742277979851,3.0,1.0,0.00654942989349383
489876000,5.72,3.304252028465271,0.9945349022746086,3.0,1.0,0.004252028465271174
489884000,5.728,3.301946520805359,0.995281033217907,3.0,1.0,0.0019465208053590644
489892000,5.736,3.2996376752853394,0.9960108324885368,3.0,1.0,0.0
489900000,5.744,3.2973257303237915,0.9967245385050774,3.0,1.0,0.0
489908000,5.752,3.2950109243392944,0.9974221512675285,3.0,1.0,0.0
489916000,5.76,3.2926937341690063,0.998104028403759,3.0,1.0,0.0
489924000,5.768,3.2903741598129272,0.998770646750927,3.0,1.0,0.0
489932000,5.776,3.2880526781082153,0.9994223639369011,3.0,1.0,0.0
489940000,5.784,3.2857290506362915,1.0000591799616814,3.0,1.0,0.0
489948000,5.792,3.283399224281311,1.0006725117564201,3.0,1.0,0.0
489956000,5.8,3.281068205833435,1.0012714192271233,3.0,1.0,0.0
489964000,5.808,3.2787479162216187,1.0024087950587273,3.0,1.0,0.0
489972000,5.816,3.276424527168274,1.0035195872187614,3.0,1.0,0.0
489980000,5.824,3.274098038673401,1.0046043917536736,3.0,1.0,0.0
489988000,5.832,3.2717686891555786,1.005663923919201,3.0,1.0,0.0
489996000,5.84,3.2694369554519653,1.0066984221339226,3.0,1.0,0.0
490004000,5.848,3.26710307598114,1.0077084824442863,3.0,1.0,0.0
490012000,5.856,3.264767289161682,1.0086945816874504,3.0,1.0,0.0
490020000,5.864,3.262426018714905,1.0096509978175163,3.0,1.0,0.0
490028000,5.872,3.260083317756653,1.0105840489268303,3.0,1.0,0.0
490036000,5.88,3.2577394247055054,1.01149433106184,3.0,1.0,0.0
490044000,5.888,3.2553945779800415,1.0123822018504143,3.0,1.0,0.0
490052000,5.896,3.2530492544174194,1.0132481381297112,3.0,1.0,0.0
490060000,5.904,3.2507036924362183,1.0140923783183098,3.0,1.0,0.0
490068000,5.912,3.248357892036438,1.0149152800440788,3.0,1.0,0.0
490076000,5.92,3.246012568473816,1.0157169625163078,3.0,1.0,0.0
490084000,5.928,3.2432292699813843,1.0169181153178215,3.0,1.0,0.0
490092000,5.936,3.2404414415359497,1.0180925652384758,3.0,1.0,0.0
490100000,5.944,3.2376636266708374,1.0192409083247185,3.0,1.0,0.0
490108000,5.952,3.2348958253860474,1.0203638598322868,3.0,1.0,0.0
490116000,5.96,3.2321380376815796,1.02146165817976,3.0,1.0,0.0
490124000,5.968,3.229390263557434,1.0225350186228752,3.0,1.0,0.0
490132000,5.976,3.2266522645950317,1.0235844179987907,3.0,1.0,0.0
490140000,5.984,3.2239242792129517,1.0246102139353752,3.0,1.0,0.0
490148000,5.992,3.221206545829773,1.0256124064326286,3.0,1.0,0.0
490156000,6.0,3.2184985876083374,1.0265915915369987,3.0,1.0,0.0
